,Date,SentimentFinBERT,IsNegativeFinBERT,IsPositiveFinBERT,SentimentGenAI,IsNegativeGenAI,IsPositiveGenAI,ECB,FED,MonetaryDecision,PressRelease,Speech
0,2018-01-03,0.02,1,1,0.05,0,1,False,True,False,True,False
1,2018-01-04,0.03,1,1,0.1699999999999999,0,1,False,True,False,True,False
2,2018-01-09,0.14,0,1,0.1,0,1,False,True,False,True,False
3,2018-01-10,0.02,0,1,0.14999999999999997,0,1,False,True,False,True,False
4,2018-01-11,0.02,1,1,0.24999999999999994,0,1,False,True,False,True,False
5,2018-01-12,-0.09,1,1,-0.0666666666666666,1,1,False,True,False,True,False
6,2018-01-16,0.02,0,1,0.1999999999999999,0,1,False,True,False,True,False
7,2018-01-17,-0.3,1,0,-0.1999999999999999,1,0,False,True,False,True,False
8,2018-01-19,0.22,0,1,0.1999999999999999,0,1,False,True,False,False,True
9,2018-01-23,-0.03,1,1,0.09999999999999999,1,1,True,True,False,True,False
10,2018-01-25,0.04,1,1,0.033333333333333326,1,1,True,True,True,True,False
11,2018-01-26,0.03,1,1,0.10000000000000005,1,1,True,False,False,True,False
12,2018-01-29,0.07,0,1,0.22499999999999998,0,1,True,True,False,True,True
13,2018-01-30,0.02,1,1,0.1499999999999999,0,1,True,True,False,True,True
14,2018-01-31,0.07,1,1,0.20999999999999994,0,1,True,True,False,True,True
15,2018-02-01,0.11,0,1,0.24999999999999994,0,1,True,True,False,True,True
16,2018-02-02,0.0,1,1,0.03333333333333333,1,1,True,True,False,True,True
17,2018-02-05,0.16,0,1,0.19999999999999996,0,1,True,True,False,True,True
18,2018-02-06,0.0,0,1,0.1,0,1,False,True,False,True,False
19,2018-02-08,0.0,1,1,-2.7755575615628914e-17,1,1,True,True,False,True,True
20,2018-02-12,0.04,0,1,0.3999999999999999,0,1,False,True,False,True,False
21,2018-02-13,0.05,1,1,0.16666666666666674,1,1,False,True,False,True,True
22,2018-02-14,0.05,0,1,0.1,0,1,True,False,False,False,True
23,2018-02-15,0.03,1,1,-0.03333333333333335,1,1,True,True,False,True,True
24,2018-02-16,-0.27,1,1,-0.30000000000000004,1,1,True,True,False,True,True
25,2018-02-21,0.0,1,1,0.05,0,1,False,True,False,True,False
26,2018-02-22,0.22,0,1,0.39999999999999997,0,1,True,True,False,True,True
27,2018-02-23,0.03,0,1,0.6000000000000001,0,1,True,False,False,False,True
28,2018-02-26,0.19,0,1,0.425,0,1,True,True,False,False,True
29,2018-02-27,0.14,0,1,0.3,0,1,True,True,False,True,True
30,2018-03-01,0.06,1,1,0.2,0,1,False,True,False,True,False
31,2018-03-05,0.18,0,1,0.3,0,1,False,True,False,False,True
32,2018-03-06,0.05,1,1,0.19999999999999996,0,1,False,True,False,True,True
33,2018-03-07,0.08,0,1,0.1999999999999999,0,1,True,False,False,True,False
34,2018-03-08,0.12,1,1,0.19999999999999996,0,1,True,True,True,True,False
35,2018-03-09,0.14,0,1,0.29999999999999993,0,1,True,True,False,True,True
36,2018-03-12,0.18,0,1,0.6000000000000001,0,1,True,False,False,True,False
37,2018-03-13,-0.07,1,0,0.0,0,0,False,True,False,True,False
38,2018-03-14,0.14,0,1,0.17999999999999997,0,1,True,False,False,False,True
39,2018-03-15,-0.03,1,1,0.05,0,1,True,False,False,True,True
40,2018-03-19,0.24,0,1,0.15,0,1,True,False,False,True,True
41,2018-03-20,0.02,0,1,0.0,0,0,False,True,False,True,False
42,2018-03-21,0.12,0,1,0.09999999999999995,0,1,False,True,False,True,False
43,2018-03-22,-0.03,1,1,-0.19999999999999996,1,0,True,True,False,True,True
44,2018-03-23,0.22,0,1,0.29999999999999993,0,1,True,True,False,True,False
45,2018-03-26,-0.28,1,1,-0.20000000000000007,1,1,False,True,False,True,True
46,2018-03-29,0.25,0,1,0.0,0,0,False,True,False,True,False
47,2018-04-02,0.02,1,1,0.14999999999999997,0,1,False,True,False,True,False
48,2018-04-03,0.04,0,1,0.3999999999999999,0,1,False,True,False,False,True
49,2018-04-05,-0.05,1,0,0.0,0,0,False,True,False,True,False
50,2018-04-06,-0.2,1,0,-0.0666666666666667,1,1,True,True,False,True,True
51,2018-04-09,0.24,0,1,0.24999999999999994,0,1,True,False,False,False,True
52,2018-04-10,0.11,1,1,0.14999999999999997,0,1,True,True,False,True,False
53,2018-04-11,0.03,1,1,0.18666666666666662,0,1,True,True,False,True,True
54,2018-04-12,0.08,1,1,0.26666666666666666,0,1,True,True,False,True,True
55,2018-04-13,0.07,0,1,0.0,0,0,False,True,False,True,False
56,2018-04-16,0.14,0,1,0.19999999999999993,0,1,True,True,False,True,True
57,2018-04-17,0.19,0,1,0.06666666666666667,1,1,False,True,False,True,True
58,2018-04-19,0.09,1,1,-0.4,1,0,False,True,False,True,True
59,2018-04-20,0.37,0,1,0.3999999999999999,0,1,True,False,False,False,True
60,2018-04-23,0.13,0,1,0.1,0,1,True,False,False,False,True
61,2018-04-24,0.15,1,1,0.14999999999999997,0,1,True,True,False,True,False
62,2018-04-26,0.01,1,1,0.14999999999999997,0,1,True,True,True,True,False
63,2018-04-27,0.19,1,1,0.14999999999999997,0,1,True,False,False,True,True
64,2018-05-01,-0.16,1,0,-0.29999999999999993,1,0,False,True,False,True,False
65,2018-05-02,0.13,0,1,0.26666666666666666,0,1,True,True,False,True,False
66,2018-05-03,0.26,0,1,0.29999999999999993,0,1,True,False,False,True,True
67,2018-05-04,0.03,0,1,0.2,0,1,True,True,False,False,True
68,2018-05-07,-0.03,1,0,0.09999999999999995,0,1,True,True,False,True,True
69,2018-05-08,0.3,0,1,0.3,0,1,True,True,False,True,True
70,2018-05-09,0.05,0,1,0.0,0,0,False,True,False,True,False
71,2018-05-10,0.02,0,1,0.1,0,1,False,True,False,True,False
72,2018-05-11,-0.01,1,0,0.3,0,1,True,False,False,False,True
73,2018-05-14,0.03,1,1,0.19199999999999995,1,1,True,False,False,False,True
74,2018-05-15,0.03,1,1,0.15,1,1,False,True,False,True,True
75,2018-05-16,0.17,0,1,0.2199999999999999,0,1,False,True,False,False,True
76,2018-05-17,-0.0,1,1,0.34,0,1,True,True,False,True,True
77,2018-05-18,0.09,0,1,0.29333333333333333,0,1,True,True,False,True,True
78,2018-05-22,-0.08,1,0,0.21999999999999997,1,1,False,True,False,True,False
79,2018-05-23,-0.02,1,1,0.08,0,1,True,True,False,True,False
80,2018-05-24,0.03,0,1,0.1999999999999999,0,1,True,False,False,True,False
81,2018-05-25,0.05,0,1,0.19999999999999996,0,1,True,True,False,True,True
82,2018-05-29,0.02,1,1,0.13333333333333328,0,1,True,True,False,True,True
83,2018-05-30,-0.0,1,0,0.3999999999999999,0,1,False,True,False,True,False
84,2018-05-31,0.01,0,1,0.1999999999999999,0,1,False,True,False,False,True
85,2018-06-04,0.18,0,1,0.15,0,1,True,False,False,True,False
86,2018-06-05,0.02,0,1,0.3999999999999999,0,1,False,True,False,True,False
87,2018-06-06,-0.02,1,1,0.09999999999999995,0,1,True,True,False,True,True
88,2018-06-07,0.06,0,1,0.0,0,0,False,True,False,True,False
89,2018-06-08,0.18,0,1,0.1999999999999999,0,1,True,False,False,False,True
90,2018-06-12,-0.21,1,0,0.0,0,0,False,True,False,True,False
91,2018-06-13,0.08,0,1,0.1333333333333333,0,1,False,True,False,True,False
92,2018-06-14,0.16,0,1,0.16666666666666666,1,1,True,True,True,True,False
93,2018-06-15,0.07,1,1,0.24999999999999994,0,1,True,True,False,True,True
94,2018-06-19,0.1,1,1,0.09999999999999995,0,1,True,False,False,True,True
95,2018-06-20,-0.02,1,0,0.3999999999999999,0,1,False,True,False,False,True
96,2018-06-21,-0.03,1,1,0.0,1,1,True,True,False,True,False
97,2018-06-22,-0.04,1,0,0.0,0,0,False,True,False,True,False
98,2018-06-25,0.03,0,1,0.1999999999999999,0,1,False,True,False,True,False
99,2018-06-26,0.02,1,1,0.0666666666666666,1,1,True,True,False,True,True
100,2018-06-27,0.07,0,1,0.29999999999999993,0,1,True,True,False,True,True
101,2018-06-28,0.08,0,1,0.09999999999999998,0,1,True,True,False,True,False
102,2018-06-29,0.02,1,1,0.09999999999999995,0,1,False,True,False,True,False
103,2018-07-01,0.43,0,1,0.3,0,1,True,False,False,False,True
104,2018-07-02,-0.0,1,0,0.0,0,0,False,True,False,True,False
105,2018-07-03,0.09,1,1,0.19999999999999996,0,1,True,True,False,True,True
106,2018-07-05,0.11,1,1,0.27499999999999997,0,1,True,True,False,True,True
107,2018-07-06,-0.03,1,1,0.09999999999999995,0,1,False,True,False,True,False
108,2018-07-08,-0.02,1,0,-0.1999999999999999,1,0,True,False,False,False,True
109,2018-07-09,0.2,0,1,0.06666666666666664,0,1,True,True,False,True,True
110,2018-07-10,0.04,1,1,0.19999999999999996,0,1,True,True,False,True,True
111,2018-07-11,-0.04,1,0,0.0,0,0,True,False,False,True,False
112,2018-07-12,-0.14,1,0,0.0,0,0,False,True,False,True,False
113,2018-07-18,0.08,0,1,0.3999999999999999,0,1,False,True,False,False,True
114,2018-07-19,0.05,0,1,0.30000000000000004,0,1,False,True,False,True,True
115,2018-07-23,0.01,0,1,0.6000000000000001,0,1,False,True,False,True,False
116,2018-07-24,0.11,1,1,0.15,0,1,True,True,False,True,False
117,2018-07-26,-0.03,1,1,-0.05000000000000003,1,1,True,True,True,True,False
118,2018-07-27,0.01,1,1,0.06666666666666667,1,1,True,False,False,True,False
119,2018-08-01,0.22,0,1,0.6000000000000001,0,1,False,True,False,True,False
120,2018-08-03,0.14,0,1,0.0,0,0,False,True,False,True,False
121,2018-08-06,0.14,0,1,0.1999999999999999,0,1,True,False,False,True,False
122,2018-08-10,-0.38,1,0,-0.4,1,0,False,True,False,True,False
123,2018-08-14,-0.06,1,0,0.0,0,0,False,True,False,True,False
124,2018-08-16,0.0,1,1,0.0,0,0,False,True,False,True,False
125,2018-08-17,-0.06,1,1,5.551115123125783e-17,1,1,True,True,False,True,False
126,2018-08-20,0.14,0,1,0.6000000000000001,0,1,False,True,False,True,False
127,2018-08-22,0.05,1,1,0.0,0,0,False,True,False,True,False
128,2018-08-23,0.06,1,1,0.15000000000000002,0,1,False,True,False,True,False
129,2018-08-24,-0.05,1,0,0.0,0,0,False,True,False,False,True
130,2018-08-28,0.13,1,1,0.2333333333333333,0,1,True,True,False,True,True
131,2018-08-29,-0.06,1,0,0.1999999999999999,0,1,True,False,False,True,False
132,2018-08-30,0.04,0,1,0.0,0,0,False,True,False,True,False
133,2018-08-31,0.35,0,1,0.1999999999999999,0,1,True,False,False,False,True
134,2018-09-03,0.11,0,1,-0.1999999999999999,1,0,True,False,False,False,True
135,2018-09-04,0.03,1,1,0.0,0,0,False,True,False,True,False
136,2018-09-05,0.01,0,1,0.1999999999999999,0,1,True,False,False,False,True
137,2018-09-06,0.09,0,1,0.19999999999999996,0,1,True,False,False,False,True
138,2018-09-07,0.01,0,1,0.0,0,0,False,True,False,True,False
139,2018-09-11,-0.02,1,1,0.0,0,0,False,True,False,True,False
140,2018-09-12,0.01,1,1,0.06666666666666664,0,1,False,True,False,True,True
141,2018-09-13,0.13,0,1,0.05,0,1,True,False,True,True,False
142,2018-09-14,0.06,1,1,0.14999999999999997,0,1,True,True,False,True,False
143,2018-09-17,0.08,0,1,0.12499999999999997,0,1,True,True,False,True,True
144,2018-09-18,0.01,1,1,0.09999999999999998,0,1,True,True,False,True,True
145,2018-09-19,0.06,0,1,0.3,0,1,True,False,False,False,True
146,2018-09-20,0.17,0,1,0.1,0,1,True,False,False,False,True
147,2018-09-21,0.05,0,1,0.05,0,1,False,True,False,True,False
148,2018-09-24,0.28,0,1,0.3,0,1,True,False,False,False,True
149,2018-09-25,0.11,0,1,0.05,0,1,True,True,False,True,True
150,2018-09-26,0.04,1,1,0.29999999999999993,0,1,True,True,False,True,False
151,2018-09-27,0.22,0,1,0.13999999999999996,0,1,True,True,False,True,True
152,2018-09-28,0.28,0,1,0.3,0,1,True,False,False,True,False
153,2018-10-01,0.15,0,1,0.0,0,0,False,True,False,True,False
154,2018-10-02,-0.07,1,0,0.5,0,1,False,True,False,False,True
155,2018-10-03,0.29,0,1,0.22499999999999998,0,1,True,True,False,True,True
156,2018-10-04,0.02,1,1,0.05,1,1,True,True,False,False,True
157,2018-10-05,0.28,0,1,0.0,0,0,True,False,False,False,True
158,2018-10-09,0.44,0,1,0.3,0,1,True,False,False,True,False
159,2018-10-10,0.22,1,1,0.24999999999999994,0,1,True,True,False,True,True
160,2018-10-12,0.17,0,1,-0.16666666666666666,1,1,True,True,False,True,True
161,2018-10-15,0.19,0,1,0.09999999999999998,0,1,True,True,False,True,True
162,2018-10-16,0.01,1,1,-5.551115123125783e-17,1,1,False,True,False,True,False
163,2018-10-17,0.03,1,1,0.125,1,1,True,True,False,True,True
164,2018-10-18,0.1,0,1,0.3999999999999999,0,1,False,True,False,False,True
165,2018-10-23,0.04,1,1,-0.10000000000000002,1,1,True,True,False,True,False
166,2018-10-25,0.08,1,1,0.24000000000000005,1,1,True,True,True,True,True
167,2018-10-26,0.02,1,1,0.24999999999999994,0,1,True,False,False,True,True
168,2018-10-29,0.1,0,1,0.0,1,1,True,True,False,True,False
169,2018-10-30,0.09,0,1,0.05,1,1,True,True,False,True,True
170,2018-10-31,0.03,0,1,0.1,0,1,False,True,False,True,False
171,2018-11-02,0.15,0,1,0.1999999999999999,0,1,False,True,False,True,False
172,2018-11-05,0.1,0,1,0.3,0,1,True,False,False,False,True
173,2018-11-06,0.07,1,1,0.12499999999999997,0,1,True,True,False,True,True
174,2018-11-07,0.05,1,1,0.55,0,1,True,True,False,True,False
175,2018-11-08,0.13,1,1,0.29999999999999993,0,1,True,True,False,True,True
176,2018-11-09,0.15,0,1,0.14999999999999997,0,1,False,True,False,True,True
177,2018-11-12,0.12,0,1,0.1,0,1,True,False,False,False,True
178,2018-11-13,0.11,1,1,0.05999999999999998,1,1,True,True,False,True,True
179,2018-11-14,-0.0,1,0,0.1999999999999999,0,1,True,False,False,True,False
180,2018-11-15,0.07,1,1,0.12,1,1,True,True,False,True,True
181,2018-11-16,0.2,0,1,-0.0333333333333333,1,1,True,True,False,True,True
182,2018-11-19,-0.24,1,0,-0.4,1,0,False,True,False,True,False
183,2018-11-20,0.05,0,1,0.1,0,1,False,True,False,True,False
184,2018-11-21,0.08,0,1,0.1333333333333333,0,1,False,True,False,True,False
185,2018-11-22,0.13,0,1,-0.1999999999999999,1,0,True,False,False,False,True
186,2018-11-23,0.12,0,1,0.3999999999999999,0,1,True,False,False,False,True
187,2018-11-26,0.14,0,1,0.24999999999999994,0,1,True,True,False,True,True
188,2018-11-27,0.01,1,1,0.4,0,1,True,True,False,False,True
189,2018-11-28,0.08,1,1,0.3333333333333333,1,1,True,True,False,True,True
190,2018-11-29,0.03,1,1,0.15000000000000002,1,1,True,True,False,True,False
191,2018-11-30,0.3,0,1,0.5333333333333333,0,1,True,True,False,True,True
192,2018-12-03,0.11,1,1,0.27499999999999997,0,1,True,True,False,True,True
193,2018-12-04,0.07,0,1,0.24999999999999994,0,1,False,True,False,True,False
194,2018-12-05,0.04,0,1,0.3999999999999999,0,1,False,True,False,False,True
195,2018-12-06,0.12,0,1,0.3,0,1,False,True,False,False,True
196,2018-12-07,0.11,0,1,0.16666666666666666,0,1,True,True,False,True,True
197,2018-12-13,0.09,1,1,-0.13333333333333333,1,1,True,True,True,True,False
198,2018-12-14,0.17,0,1,0.24999999999999994,0,1,True,False,False,False,True
199,2018-12-15,0.02,0,1,0.1,0,1,True,False,False,False,True
200,2018-12-18,0.23,0,1,0.3999999999999999,0,1,True,False,False,False,True
201,2018-12-19,0.16,1,1,-0.13333333333333328,1,0,False,True,False,True,False
202,2018-12-20,0.11,1,1,0.028571428571428532,1,1,True,True,False,True,False
203,2018-12-21,0.02,1,1,0.09999999999999998,0,1,False,True,False,True,False
204,2018-12-28,0.04,0,1,0.0,0,0,False,True,False,True,False
205,2019-01-07,0.46,0,1,0.3999999999999999,0,1,True,False,False,False,True
206,2019-01-08,0.01,1,1,0.05,0,1,False,True,False,True,False
207,2019-01-09,0.04,1,1,0.06666666666666664,0,1,False,True,False,True,True
208,2019-01-10,0.02,1,1,0.09999999999999999,0,1,False,True,False,True,True
209,2019-01-11,0.11,1,1,0.1333333333333333,0,1,True,True,False,True,True
210,2019-01-15,0.18,0,1,0.3333333333333333,0,1,True,True,False,True,True
211,2019-01-16,0.1,0,1,0.29999999999999993,0,1,True,True,False,True,False
212,2019-01-17,0.1,0,1,0.1999999999999999,0,1,True,False,False,False,True
213,2019-01-18,0.09,0,1,0.3999999999999999,0,1,False,True,False,True,False
214,2019-01-21,0.08,0,1,0.24999999999999994,0,1,True,False,False,True,False
215,2019-01-22,0.05,1,1,-0.25,1,1,True,True,False,True,False
216,2019-01-23,0.03,0,1,0.3,0,1,False,True,False,True,False
217,2019-01-24,0.17,0,1,0.1,0,1,True,False,True,False,False
218,2019-01-25,0.05,1,1,0.19999999999999996,1,1,True,True,False,True,False
219,2019-01-28,0.35,0,1,0.24999999999999994,0,1,True,True,False,True,True
220,2019-01-30,0.11,0,1,0.24999999999999994,0,1,True,True,False,True,False
221,2019-01-31,0.08,1,1,-1.3877787807814457e-17,1,1,True,True,False,True,True
222,2019-02-01,0.38,0,1,0.6000000000000001,0,1,False,True,False,False,True
223,2019-02-04,0.05,0,1,0.09999999999999995,0,1,True,True,False,True,True
224,2019-02-05,-0.05,1,1,-0.06666666666666672,1,1,False,True,False,True,False
225,2019-02-06,0.16,0,1,0.5,0,1,False,True,False,True,True
226,2019-02-07,0.02,1,1,-0.04999999999999999,1,1,True,True,False,True,True
227,2019-02-10,0.28,0,1,0.3,0,1,False,True,False,False,True
228,2019-02-11,0.26,0,1,0.24999999999999994,0,1,True,True,False,False,True
229,2019-02-12,0.08,0,1,0.1999999999999999,0,1,False,True,False,True,True
230,2019-02-13,-0.02,1,1,0.125,1,1,True,True,False,True,True
231,2019-02-15,-0.01,1,1,0.13333333333333333,0,1,True,True,False,True,True
232,2019-02-19,0.26,0,1,0.1999999999999999,0,1,True,False,False,False,True
233,2019-02-20,-0.02,1,0,0.0,0,0,True,True,False,True,True
234,2019-02-21,-0.09,1,1,-0.0666666666666667,1,1,True,True,False,True,True
235,2019-02-22,0.09,0,1,0.1333333333333333,0,1,True,True,False,False,True
236,2019-02-23,0.08,0,1,0.1999999999999999,0,1,False,True,False,False,True
237,2019-02-26,0.22,0,1,0.1333333333333333,0,1,True,True,False,True,True
238,2019-02-27,0.07,0,1,0.09999999999999995,0,1,True,True,False,True,True
239,2019-02-28,-0.1,1,1,0.03333333333333333,1,1,False,True,False,True,True
240,2019-03-05,0.15,0,1,0.24999999999999994,0,1,True,True,False,True,False
241,2019-03-06,0.03,1,1,0.02,0,1,True,True,False,True,False
242,2019-03-07,0.08,1,1,0.1999999999999999,0,1,True,True,True,False,True
243,2019-03-08,0.08,0,1,0.3,0,1,False,True,False,False,True
244,2019-03-11,0.09,0,1,0.24999999999999994,0,1,False,True,False,True,True
245,2019-03-12,0.03,1,1,-0.049999999999999996,1,1,True,True,False,True,True
246,2019-03-13,-0.05,1,0,0.1999999999999999,0,1,True,False,False,False,True
247,2019-03-14,0.08,1,1,0.04,0,1,True,True,False,True,False
248,2019-03-15,0.05,0,1,0.1,0,1,False,True,False,True,False
249,2019-03-18,0.11,0,1,0.06666666666666667,1,1,True,True,False,True,True
250,2019-03-19,-0.03,1,0,-0.8,1,0,False,True,False,True,False
251,2019-03-20,-0.03,1,1,2.7755575615628914e-17,1,1,True,True,False,True,False
252,2019-03-21,-0.12,1,0,0.09999999999999995,0,1,False,True,False,True,False
253,2019-03-22,-0.01,1,1,0.05,1,1,True,True,False,True,True
254,2019-03-25,-0.02,1,1,0.14999999999999997,0,1,False,True,False,True,True
255,2019-03-27,0.06,1,1,0.07999999999999999,1,1,True,False,False,False,True
256,2019-03-28,0.14,0,1,0.10000000000000003,1,1,False,True,False,True,True
257,2019-03-29,0.04,1,1,0.19999999999999996,0,1,True,True,False,True,True
258,2019-04-01,0.33,0,1,0.1999999999999999,0,1,True,False,False,False,True
259,2019-04-02,0.16,0,1,0.39999999999999997,0,1,False,True,False,True,True
260,2019-04-03,0.07,0,1,0.3,0,1,False,True,False,True,False
261,2019-04-06,0.05,0,1,-0.1999999999999999,1,0,True,False,False,False,True
262,2019-04-08,0.06,0,1,0.2,0,1,False,True,False,True,False
263,2019-04-09,0.06,1,1,-0.04,1,1,True,True,False,True,True
264,2019-04-10,0.1,1,1,0.033333333333333375,1,1,True,True,True,True,True
265,2019-04-11,-0.08,1,1,0.17499999999999996,0,1,True,True,False,True,True
266,2019-04-12,0.22,0,1,0.0,0,0,True,True,False,True,True
267,2019-04-15,-0.04,1,0,-0.4,1,0,False,True,False,True,False
268,2019-04-16,-0.01,1,1,0.0,1,1,False,True,False,True,False
269,2019-04-17,0.14,0,1,0.1999999999999999,0,1,True,False,False,False,True
270,2019-04-18,-0.02,1,1,0.1,0,1,False,True,False,True,False
271,2019-04-23,0.12,0,1,0.3999999999999999,0,1,False,True,False,True,False
272,2019-04-25,-0.03,1,0,-0.1999999999999999,1,0,False,True,False,True,False
273,2019-04-30,-0.16,1,0,-0.0999999999999999,1,0,True,False,False,True,False
274,2019-05-01,0.03,0,1,0.0,1,1,True,True,False,True,True
275,2019-05-02,-0.04,1,1,-0.25,1,1,False,True,False,True,False
276,2019-05-03,0.06,0,1,0.09999999999999995,0,1,False,True,False,True,True
277,2019-05-06,0.37,0,1,0.1,0,1,True,False,False,False,True
278,2019-05-07,-0.02,1,0,0.0,0,0,False,True,False,True,False
279,2019-05-08,0.04,0,1,0.1999999999999999,0,1,False,True,False,False,True
280,2019-05-09,0.03,1,1,0.09999999999999998,0,1,False,True,False,True,True
281,2019-05-10,0.06,1,1,2.7755575615628914e-17,1,1,True,True,False,False,True
282,2019-05-13,0.01,0,1,0.05,0,1,True,True,False,True,True
283,2019-05-14,0.3,0,1,0.1999999999999999,0,1,False,True,False,True,False
284,2019-05-15,0.19,0,1,0.1666666666666666,0,1,True,False,False,True,True
285,2019-05-16,0.04,1,1,0.10000000000000003,1,1,True,True,False,True,True
286,2019-05-17,0.14,0,1,0.19999999999999996,0,1,False,True,False,True,True
287,2019-05-20,0.01,0,1,0.29999999999999993,0,1,False,True,False,False,True
288,2019-05-21,0.06,1,1,-0.10000000000000003,1,1,True,True,False,True,True
289,2019-05-22,0.01,0,1,0.1999999999999999,0,1,False,True,False,True,False
290,2019-05-23,0.04,1,1,0.23999999999999994,0,1,True,True,False,True,True
291,2019-05-27,0.12,0,1,0.3999999999999999,0,1,True,False,False,False,True
292,2019-05-28,0.04,1,1,0.09999999999999998,0,1,True,True,False,True,False
293,2019-05-29,-0.07,1,1,0.0,1,1,True,False,False,True,True
294,2019-05-30,0.03,1,1,0.08,1,1,False,True,False,True,True
295,2019-05-31,0.03,0,1,0.1,0,1,True,True,False,True,False
296,2019-06-03,0.16,0,1,0.1999999999999999,0,1,False,True,False,False,True
297,2019-06-04,-0.06,1,1,-0.0333333333333333,1,1,True,True,False,True,True
298,2019-06-05,0.06,0,1,0.1,0,1,False,True,False,False,True
299,2019-06-06,-0.12,1,1,0.049999999999999975,1,1,True,True,True,True,False
300,2019-06-10,0.1,0,1,0.1,0,1,True,True,False,True,True
301,2019-06-11,0.04,0,1,0.1999999999999999,0,1,True,False,False,True,False
302,2019-06-12,0.18,0,1,0.24999999999999994,0,1,True,False,False,False,True
303,2019-06-13,0.26,0,1,0.2333333333333333,0,1,True,True,False,True,False
304,2019-06-14,0.26,0,1,0.2,0,1,True,True,False,True,True
305,2019-06-17,0.05,0,1,0.14999999999999997,0,1,False,True,False,True,False
306,2019-06-18,0.07,0,1,0.1999999999999999,0,1,True,False,False,False,True
307,2019-06-19,0.04,0,1,0.05,0,1,False,True,False,True,False
308,2019-06-20,0.13,0,1,0.1,0,1,False,True,False,True,False
309,2019-06-21,0.01,1,1,0.1999999999999999,0,1,False,True,False,True,True
310,2019-06-24,0.05,0,1,0.24999999999999994,0,1,True,True,False,True,True
311,2019-06-25,0.19,0,1,0.025,1,1,True,True,False,False,True
312,2019-06-26,-0.04,1,0,0.1999999999999999,0,1,True,False,False,True,False
313,2019-06-27,0.15,0,1,0.24999999999999994,0,1,False,True,False,True,False
314,2019-06-28,0.29,0,1,0.1,0,1,True,False,False,False,True
315,2019-06-29,0.31,0,1,0.1999999999999999,0,1,True,False,False,False,True
316,2019-07-01,0.03,1,1,0.09999999999999998,0,1,True,True,False,True,True
317,2019-07-03,0.06,0,1,0.0,0,0,False,True,False,True,False
318,2019-07-04,0.16,0,1,0.14999999999999997,0,1,True,False,False,False,True
319,2019-07-09,0.1,1,1,0.03999999999999996,1,1,False,True,False,True,True
320,2019-07-10,-0.02,1,0,0.0,0,0,False,True,False,True,False
321,2019-07-11,0.04,1,1,0.14999999999999997,0,1,True,True,False,True,True
322,2019-07-12,0.01,0,1,0.1,0,1,False,True,False,True,False
323,2019-07-16,0.04,1,1,0.1499999999999999,0,1,True,True,False,True,True
324,2019-07-17,0.1,1,1,0.1,0,1,True,True,False,True,True
325,2019-07-22,0.2,0,1,0.1999999999999999,0,1,False,True,False,True,False
326,2019-07-23,0.1,1,1,-0.09999999999999994,1,1,True,True,False,True,False
327,2019-07-25,0.05,1,1,0.23333333333333325,0,1,True,True,True,True,False
328,2019-07-26,0.06,1,1,0.04000000000000004,1,1,True,True,False,True,False
329,2019-07-29,0.04,0,1,0.1999999999999999,0,1,True,False,False,True,False
330,2019-07-31,0.05,1,1,0.03333333333333333,1,1,True,True,False,True,False
331,2019-08-01,-0.35,1,0,0.1,0,1,False,True,False,True,False
332,2019-08-05,0.28,0,1,0.35,0,1,False,True,False,True,True
333,2019-08-07,0.03,0,1,0.1999999999999999,0,1,True,False,False,True,False
334,2019-08-09,-0.04,1,0,0.05,0,1,True,False,False,True,False
335,2019-08-15,-0.07,1,1,5.551115123125783e-17,1,1,True,True,False,True,False
336,2019-08-19,0.05,0,1,0.0,0,0,True,False,False,True,False
337,2019-08-20,0.13,1,1,0.04999999999999999,1,1,False,True,False,True,True
338,2019-08-21,0.11,0,1,0.30000000000000004,0,1,True,True,False,True,False
339,2019-08-22,0.03,0,1,0.0,0,0,False,True,False,True,False
340,2019-08-23,-0.0,1,0,0.3,0,1,False,True,False,False,True
341,2019-08-27,0.05,1,1,0.09999999999999995,0,1,True,True,False,True,True
342,2019-09-02,0.06,0,1,-0.1999999999999999,1,0,True,False,False,False,True
343,2019-09-04,0.07,1,1,0.22499999999999998,0,1,True,True,False,False,True
344,2019-09-05,0.07,1,1,0.2333333333333333,0,1,False,True,False,True,True
345,2019-09-06,0.07,0,1,0.1999999999999999,0,1,False,True,False,True,False
346,2019-09-07,-0.0,1,0,0.1,0,1,True,False,False,False,True
347,2019-09-10,-0.01,1,0,0.0,0,0,False,True,False,True,False
348,2019-09-11,0.05,0,1,0.0,0,0,False,True,False,True,False
349,2019-09-12,0.12,0,1,0.12499999999999997,0,1,True,False,True,True,False
350,2019-09-16,0.01,0,1,0.1,0,1,True,False,False,False,True
351,2019-09-17,0.07,0,1,0.1,0,1,True,False,False,False,True
352,2019-09-18,0.04,1,1,0.14999999999999997,0,1,False,True,False,True,False
353,2019-09-19,-0.11,1,0,0.29999999999999993,0,1,False,True,False,True,False
354,2019-09-20,-0.05,1,0,0.3,0,1,False,True,False,True,False
355,2019-09-23,0.18,0,1,0.1999999999999999,0,1,True,False,False,False,True
356,2019-09-24,0.09,1,1,0.2,0,1,True,False,False,False,True
357,2019-09-25,0.05,0,1,0.09999999999999995,0,1,True,False,False,True,True
358,2019-09-26,-0.0,1,1,0.14999999999999997,0,1,True,True,False,True,True
359,2019-09-27,0.06,1,1,0.09999999999999998,0,1,True,True,False,True,True
360,2019-10-01,0.04,1,1,0.09999999999999998,1,1,True,True,False,True,True
361,2019-10-02,-0.05,1,1,5.551115123125783e-17,1,1,True,True,False,True,True
362,2019-10-03,0.01,1,1,-0.26666666666666666,1,1,True,True,False,True,True
363,2019-10-04,0.15,0,1,0.3,0,1,False,True,False,False,True
364,2019-10-07,0.1,0,1,0.3999999999999999,0,1,False,True,False,False,True
365,2019-10-08,0.01,0,1,0.14999999999999997,0,1,False,True,False,True,True
366,2019-10-09,0.08,1,1,0.09999999999999995,0,1,False,True,False,True,True
367,2019-10-10,-0.25,1,1,-0.1,1,1,False,True,False,True,False
368,2019-10-11,0.09,0,1,0.2799999999999999,0,1,True,True,False,True,True
369,2019-10-15,-0.05,1,0,0.1,0,1,False,True,False,True,False
370,2019-10-16,0.01,1,1,0.2333333333333333,0,1,True,True,False,True,True
371,2019-10-17,0.06,1,1,0.06666666666666664,1,1,True,True,False,True,True
372,2019-10-18,0.17,0,1,0.23333333333333325,0,1,True,True,False,True,True
373,2019-10-21,0.33,0,1,0.5,0,1,False,True,False,False,True
374,2019-10-22,0.11,0,1,0.14999999999999997,0,1,True,False,False,True,False
375,2019-10-23,0.05,0,1,0.3999999999999999,0,1,True,False,False,True,False
376,2019-10-24,0.06,0,1,0.24999999999999994,0,1,True,True,True,True,False
377,2019-10-25,-0.02,1,1,-0.06666666666666664,1,1,True,False,False,True,False
378,2019-10-28,0.16,0,1,0.1666666666666666,0,1,True,True,False,True,True
379,2019-10-29,0.16,0,1,0.1,0,1,False,True,False,True,False
380,2019-10-30,0.08,0,1,0.15,0,1,True,True,False,True,True
381,2019-10-31,0.04,0,1,0.10000000000000002,0,1,False,True,False,True,False
382,2019-11-01,0.03,0,1,0.26666666666666655,0,1,True,True,False,True,True
383,2019-11-04,0.15,0,1,0.7,0,1,True,False,False,False,True
384,2019-11-05,0.03,0,1,0.1,0,1,True,False,False,True,False
385,2019-11-06,0.14,0,1,0.19999999999999996,0,1,True,False,False,True,True
386,2019-11-07,-0.27,1,0,5.551115123125783e-17,1,1,True,False,False,True,False
387,2019-11-08,0.04,0,1,0.0,0,0,False,True,False,True,True
388,2019-11-11,0.09,0,1,0.1999999999999999,0,1,True,False,False,False,True
389,2019-11-12,0.11,1,1,0.13999999999999996,0,1,True,True,False,True,True
390,2019-11-13,0.03,0,1,0.3,0,1,True,False,False,True,False
391,2019-11-14,0.1,0,1,0.19999999999999996,0,1,True,True,False,False,True
392,2019-11-15,-0.0,1,1,-0.04999999999999995,1,1,True,False,False,False,True
393,2019-11-18,0.03,0,1,0.05,0,1,True,True,False,True,True
394,2019-11-19,-0.04,1,1,-0.059999999999999984,1,1,False,True,False,True,False
395,2019-11-20,0.01,1,1,-0.04999999999999995,1,0,True,True,False,True,False
396,2019-11-21,0.02,1,1,0.1,0,1,True,False,False,False,True
397,2019-11-22,0.14,0,1,0.29999999999999993,0,1,True,True,False,True,True
398,2019-11-25,-0.03,1,1,0.10000000000000002,1,1,True,True,False,True,True
399,2019-11-26,0.06,1,1,0.16666666666666663,0,1,True,True,False,True,True
400,2019-11-27,0.26,0,1,0.24999999999999994,0,1,True,True,False,True,True
401,2019-11-28,-0.01,1,1,0.24999999999999994,0,1,True,False,False,False,True
402,2019-11-29,-0.1,1,1,0.06666666666666667,0,1,True,False,False,True,True
403,2019-12-02,0.21,0,1,0.1999999999999999,0,1,True,False,False,False,True
404,2019-12-03,0.09,1,1,0.19999999999999996,0,1,True,True,False,True,True
405,2019-12-09,0.01,0,1,-0.1999999999999999,1,0,False,True,False,True,False
406,2019-12-11,0.06,0,1,0.13333333333333333,0,1,True,True,False,True,False
407,2019-12-12,-0.01,1,1,0.06666666666666667,0,1,True,True,True,True,False
408,2019-12-13,0.11,0,1,0.09999999999999995,0,1,True,True,False,True,True
409,2019-12-16,0.05,0,1,0.1666666666666666,0,1,True,True,False,True,True
410,2019-12-17,0.03,1,1,0.24999999999999994,0,1,False,True,False,True,False
411,2019-12-18,0.1,0,1,0.4,0,1,True,True,False,True,True
412,2019-12-19,-0.01,1,1,-0.03333333333333329,1,1,False,True,False,True,False
413,2019-12-20,0.02,1,1,0.16666666666666663,0,1,True,True,False,True,False
414,2019-12-23,0.06,0,1,0.1999999999999999,0,1,False,True,False,True,False
415,2019-12-31,-0.01,1,0,0.1,0,1,False,True,False,True,False
416,2020-01-03,-0.03,1,0,0.1,0,1,False,True,False,True,False
417,2020-01-08,0.2,0,1,0.29999999999999993,0,1,True,True,False,False,True
418,2020-01-09,0.02,1,1,0.11999999999999993,0,1,True,True,False,True,True
419,2020-01-10,-0.03,1,0,-0.04999999999999995,1,0,False,True,False,True,False
420,2020-01-14,0.01,0,1,0.0,0,0,False,True,False,True,False
421,2020-01-16,0.12,0,1,0.44999999999999996,0,1,True,True,False,False,True
422,2020-01-17,0.1,0,1,0.1,0,1,False,True,False,False,True
423,2020-01-21,0.06,0,1,0.06666666666666664,0,1,True,False,False,True,False
424,2020-01-23,0.13,0,1,0.16666666666666663,0,1,True,False,True,True,True
425,2020-01-24,-0.06,1,0,0.03333333333333333,0,1,True,False,False,True,False
426,2020-01-27,0.01,0,1,-0.1999999999999999,1,0,True,False,False,False,True
427,2020-01-28,0.04,0,1,0.3999999999999999,0,1,True,False,False,True,False
428,2020-01-30,0.02,1,1,0.12857142857142856,0,1,True,True,False,True,False
429,2020-01-31,0.16,0,1,-0.0999999999999999,1,0,False,True,False,True,False
430,2020-02-04,-0.27,1,0,-0.6,1,0,False,True,False,True,False
431,2020-02-05,0.12,0,1,0.1666666666666666,0,1,True,True,False,False,True
432,2020-02-06,0.06,1,1,0.059999999999999984,0,1,True,True,False,True,True
433,2020-02-10,0.14,0,1,0.19999999999999996,0,1,True,True,False,True,True
434,2020-02-11,0.11,1,1,0.17999999999999997,0,1,True,True,False,True,True
435,2020-02-12,-0.06,1,0,0.3999999999999999,0,1,True,False,False,True,False
436,2020-02-13,-0.15,1,0,0.1999999999999999,0,1,False,True,False,True,False
437,2020-02-17,0.07,0,1,0.1,0,1,True,False,False,False,True
438,2020-02-18,0.14,0,1,0.3,0,1,True,False,False,False,True
439,2020-02-19,0.14,0,1,0.1333333333333333,0,1,True,True,False,True,False
440,2020-02-20,0.2,0,1,0.4,0,1,True,False,False,True,True
441,2020-02-21,0.04,0,1,0.12499999999999997,0,1,True,True,False,True,True
442,2020-02-24,0.12,0,1,0.19999999999999996,0,1,True,False,False,True,False
443,2020-02-25,0.12,0,1,0.19999999999999996,0,1,False,True,False,True,True
444,2020-02-26,0.14,0,1,0.1999999999999999,0,1,True,False,False,False,True
445,2020-02-27,0.14,1,1,0.21428571428571425,0,1,True,True,False,True,True
446,2020-02-28,0.12,0,1,0.0,0,0,False,True,False,True,False
447,2020-03-02,0.06,0,1,0.14999999999999997,0,1,True,False,False,True,True
448,2020-03-03,0.09,1,1,0.1666666666666666,0,1,True,True,False,True,False
449,2020-03-04,-0.04,1,1,0.16666666666666666,0,1,True,True,False,True,False
450,2020-03-05,-0.09,1,0,0.0,0,0,False,True,False,True,False
451,2020-03-06,0.02,1,1,0.05,0,1,False,True,False,True,False
452,2020-03-09,0.05,0,1,0.05,0,1,True,True,False,True,False
453,2020-03-12,0.14,1,1,0.19999999999999993,0,1,True,True,True,True,False
454,2020-03-13,0.04,0,1,0.0,0,0,True,False,False,True,False
455,2020-03-15,0.3,0,1,0.3,0,1,True,True,False,True,False
456,2020-03-16,0.17,1,1,0.1999999999999999,0,1,False,True,False,True,False
457,2020-03-17,0.23,0,1,0.2666666666666666,0,1,False,True,False,True,False
458,2020-03-18,0.22,0,1,0.26666666666666666,0,1,True,True,True,True,False
459,2020-03-19,0.28,0,1,0.23333333333333325,0,1,False,True,False,True,False
460,2020-03-20,0.35,0,1,0.27499999999999997,0,1,True,True,False,True,False
461,2020-03-22,0.11,0,1,0.1999999999999999,0,1,False,True,False,True,False
462,2020-03-23,0.16,1,1,0.19999999999999996,0,1,False,True,False,True,False
463,2020-03-24,0.01,1,1,0.1,0,1,False,True,False,True,False
464,2020-03-26,0.09,1,1,0.09999999999999998,0,1,True,True,False,True,False
465,2020-03-27,0.24,0,1,0.1999999999999999,0,1,False,True,False,True,False
466,2020-03-31,0.15,0,1,0.2,0,1,False,True,False,True,False
467,2020-04-01,0.04,0,1,0.3,0,1,False,True,False,True,False
468,2020-04-02,0.04,1,1,0.1,0,1,True,True,False,True,False
469,2020-04-03,0.33,0,1,0.3,0,1,True,True,False,True,False
470,2020-04-06,0.07,0,1,0.19999999999999996,0,1,False,True,False,True,False
471,2020-04-07,0.35,0,1,0.24999999999999994,0,1,True,True,False,True,False
472,2020-04-08,-0.02,1,1,0.29999999999999993,0,1,False,True,False,True,False
473,2020-04-09,0.22,0,1,0.36666666666666664,0,1,False,True,False,True,True
474,2020-04-14,0.04,0,1,0.24999999999999994,0,1,False,True,False,True,False
475,2020-04-15,0.19,0,1,0.35,0,1,True,False,False,True,False
476,2020-04-16,0.27,1,1,0.025000000000000022,1,1,True,True,False,True,True
477,2020-04-17,-0.02,1,1,0.2,0,1,False,True,False,True,False
478,2020-04-22,0.26,0,1,0.44999999999999996,0,1,True,False,False,True,False
479,2020-04-23,0.19,0,1,0.3333333333333333,0,1,False,True,False,True,False
480,2020-04-24,-0.01,1,0,0.3999999999999999,0,1,False,True,False,True,False
481,2020-04-27,0.17,0,1,0.24999999999999994,0,1,False,True,False,True,False
482,2020-04-28,0.07,0,1,0.14999999999999997,0,1,True,False,False,True,False
483,2020-04-30,0.13,1,1,0.22857142857142856,1,1,True,True,True,True,False
484,2020-05-01,0.08,0,1,0.1999999999999999,0,1,False,True,False,True,False
485,2020-05-04,-0.12,1,0,-0.1999999999999999,1,0,True,False,False,True,False
486,2020-05-05,0.1,1,1,0.2,1,1,True,True,False,True,True
487,2020-05-06,0.11,0,1,0.1999999999999999,0,1,False,True,False,True,False
488,2020-05-07,0.15,0,1,0.1,0,1,True,False,False,False,True
489,2020-05-08,-0.1,1,1,-0.024999999999999974,1,1,True,True,False,True,True
490,2020-05-11,0.09,0,1,0.14999999999999997,0,1,True,True,False,True,True
491,2020-05-12,0.23,0,1,0.3,0,1,False,True,False,True,False
492,2020-05-13,-0.06,1,0,-0.4,1,0,False,True,False,False,True
493,2020-05-14,-0.01,1,1,0.1,1,1,True,True,False,True,False
494,2020-05-15,0.06,0,1,0.1999999999999999,0,1,False,True,False,True,False
495,2020-05-19,0.09,0,1,-0.09999999999999994,1,0,True,False,False,True,True
496,2020-05-20,0.11,1,1,0.1,1,1,False,True,False,True,False
497,2020-05-21,0.03,1,1,-0.13333333333333333,1,1,False,True,False,False,True
498,2020-05-22,-0.01,1,0,0.0,0,0,True,False,False,False,True
499,2020-05-26,-0.05,1,1,-0.07500000000000001,1,1,True,True,False,True,False
500,2020-05-28,-0.24,1,0,-0.6,1,0,False,True,False,True,False
501,2020-05-29,-0.07,1,0,0.0,0,0,False,True,False,True,False
502,2020-06-02,-0.03,1,0,0.0,0,0,False,True,False,True,False
503,2020-06-03,0.17,0,1,0.3999999999999999,0,1,False,True,False,True,False
504,2020-06-04,0.11,0,1,0.1999999999999999,0,1,True,True,True,True,False
505,2020-06-05,0.19,0,1,0.3999999999999999,0,1,True,False,False,True,False
506,2020-06-08,0.09,1,1,0.14999999999999997,0,1,True,True,False,True,True
507,2020-06-09,0.03,1,1,0.07499999999999998,1,1,True,True,False,True,False
508,2020-06-10,-0.03,1,1,0.05000000000000001,1,1,True,False,False,True,True
509,2020-06-12,0.02,0,1,0.1,0,1,False,True,False,True,False
510,2020-06-13,0.18,0,1,0.1,0,1,True,False,False,False,True
511,2020-06-15,0.1,0,1,0.19999999999999996,0,1,False,True,False,True,False
512,2020-06-16,0.06,1,1,0.033333333333333375,1,1,True,True,False,True,True
513,2020-06-18,0.23,0,1,0.3,0,1,False,True,False,True,False
514,2020-06-19,0.14,0,1,0.1666666666666666,0,1,True,True,False,True,True
515,2020-06-22,0.07,1,1,0.0,0,0,True,False,False,False,True
516,2020-06-23,0.05,0,1,0.1,0,1,False,True,False,True,False
517,2020-06-24,0.08,0,1,0.14999999999999997,0,1,True,True,False,True,True
518,2020-06-25,0.06,1,1,0.19999999999999996,0,1,True,True,False,True,True
519,2020-06-26,0.14,0,1,0.1,0,1,False,True,False,True,False
520,2020-06-27,-0.04,1,0,-0.1999999999999999,1,0,True,False,False,False,True
521,2020-06-29,0.07,0,1,0.1999999999999999,0,1,False,True,False,True,False
522,2020-06-30,-0.05,1,0,-0.0999999999999999,1,0,False,True,False,True,False
523,2020-07-01,-0.02,1,0,-0.06666666666666664,1,0,True,True,False,True,False
524,2020-07-02,0.1,1,1,0.21999999999999997,0,1,True,True,False,True,True
525,2020-07-07,0.11,1,1,0.19999999999999996,0,1,True,True,False,True,True
526,2020-07-09,0.01,0,1,0.0,0,0,False,True,False,True,False
527,2020-07-10,0.33,0,1,0.5,0,1,True,False,False,True,False
528,2020-07-13,0.08,1,1,0.2,0,1,True,False,False,True,True
529,2020-07-14,0.02,1,1,-0.13333333333333322,1,0,True,True,False,True,True
530,2020-07-15,0.05,0,1,0.1999999999999999,0,1,False,True,False,True,False
531,2020-07-16,0.27,0,1,0.1,0,1,True,False,True,False,False
532,2020-07-17,0.04,1,1,0.13333333333333333,1,1,True,True,False,True,True
533,2020-07-21,-0.02,1,0,0.3,0,1,False,True,False,True,False
534,2020-07-22,0.12,0,1,0.3,0,1,True,False,False,False,True
535,2020-07-23,0.23,0,1,0.3999999999999999,0,1,True,True,False,True,False
536,2020-07-24,0.05,0,1,0.3,0,1,True,True,False,True,False
537,2020-07-28,0.23,0,1,0.3,0,1,False,True,False,True,False
538,2020-07-29,0.29,0,1,0.3999999999999999,0,1,False,True,False,True,False
539,2020-08-04,0.05,0,1,0.1,0,1,False,True,False,True,False
540,2020-08-06,0.1,1,1,0.2333333333333333,1,1,False,True,False,True,True
541,2020-08-10,-0.0,1,0,0.1,0,1,False,True,False,True,False
542,2020-08-11,0.17,0,1,0.3999999999999999,0,1,False,True,False,True,False
543,2020-08-13,0.19,1,1,0.29999999999999993,0,1,False,True,False,True,True
544,2020-08-18,0.25,0,1,0.1999999999999999,0,1,True,False,False,True,False
545,2020-08-19,0.13,1,1,0.2000000000000001,1,1,False,True,False,True,True
546,2020-08-20,0.06,1,1,-5.551115123125783e-17,1,1,True,True,False,True,False
547,2020-08-21,-0.06,1,0,-0.3333333333333333,1,0,True,True,False,True,False
548,2020-08-24,0.02,0,1,0.1999999999999999,0,1,False,True,False,True,False
549,2020-08-25,0.05,0,1,0.0,0,0,False,True,False,True,False
550,2020-08-26,0.06,0,1,0.175,0,1,True,True,False,True,True
551,2020-08-27,0.07,1,1,0.27499999999999997,0,1,True,True,False,True,True
552,2020-08-28,0.32,0,1,0.1999999999999999,0,1,True,False,False,True,False
553,2020-08-31,0.03,0,1,0.3999999999999999,0,1,False,True,False,False,True
554,2020-09-01,0.02,1,1,0.19999999999999996,0,1,False,True,False,True,True
555,2020-09-02,0.1,0,1,-0.1999999999999999,1,0,False,True,False,True,False
556,2020-09-04,-0.24,1,0,0.0,0,0,False,True,False,True,False
557,2020-09-08,-0.01,1,0,0.1999999999999999,0,1,False,True,False,True,False
558,2020-09-10,0.21,0,1,0.2,0,1,True,False,True,False,True
559,2020-09-11,0.02,0,1,0.05,0,1,True,False,False,False,True
560,2020-09-13,0.11,0,1,0.1,0,1,True,False,False,False,True
561,2020-09-14,0.14,0,1,0.3999999999999999,0,1,False,True,False,True,False
562,2020-09-15,0.29,0,1,0.1,0,1,True,False,False,False,True
563,2020-09-17,-0.02,1,0,0.09999999999999995,0,1,True,True,False,True,False
564,2020-09-18,-0.04,1,1,0.16666666666666666,1,1,True,True,False,True,True
565,2020-09-21,0.27,0,1,0.4,0,1,True,True,False,True,True
566,2020-09-22,0.15,1,1,0.24999999999999994,0,1,True,False,False,True,True
567,2020-09-23,0.03,0,1,0.1,0,1,False,True,False,False,True
568,2020-09-25,0.02,0,1,0.1999999999999999,0,1,False,True,False,True,False
569,2020-09-28,0.07,0,1,-0.04000000000000003,1,1,True,False,False,True,True
570,2020-09-29,0.06,1,1,0.29999999999999993,0,1,False,True,False,True,False
571,2020-09-30,0.09,0,1,0.28571428571428564,0,1,True,True,False,True,True
572,2020-10-01,0.11,1,1,0.19999999999999996,1,1,True,True,False,True,True
573,2020-10-02,0.15,0,1,0.6000000000000001,0,1,True,False,False,True,False
574,2020-10-06,0.05,0,1,0.26666666666666666,0,1,True,True,False,True,True
575,2020-10-07,0.05,0,1,-0.06000000000000001,1,1,True,True,False,True,False
576,2020-10-08,0.31,0,1,0.1999999999999999,0,1,True,False,False,False,True
577,2020-10-12,0.07,0,1,0.35,0,1,True,False,False,False,True
578,2020-10-13,-0.03,1,0,0.1,0,1,False,True,False,True,False
579,2020-10-14,0.06,0,1,0.125,1,1,True,True,False,True,True
580,2020-10-15,0.09,1,1,0.12499999999999997,1,1,True,True,False,True,True
581,2020-10-18,-0.01,1,0,0.3999999999999999,0,1,True,False,False,False,True
582,2020-10-19,0.18,0,1,0.35,0,1,True,True,False,False,True
583,2020-10-20,0.03,1,1,0.07999999999999993,1,1,False,True,False,True,True
584,2020-10-21,0.05,1,1,0.18,1,1,True,True,False,True,True
585,2020-10-22,-0.02,1,1,-0.03333333333333336,1,1,True,True,False,True,True
586,2020-10-23,0.02,0,1,0.1,0,1,False,True,False,True,False
587,2020-10-27,0.15,0,1,-0.19999999999999996,1,0,True,False,False,True,False
588,2020-10-28,0.04,0,1,0.3999999999999999,0,1,True,False,False,True,False
589,2020-10-29,0.1,1,1,0.1666666666666666,0,1,True,True,True,True,False
590,2020-10-30,0.02,1,1,0.12499999999999999,1,1,True,True,False,True,False
591,2020-11-02,0.19,0,1,0.1999999999999999,0,1,True,False,False,False,True
592,2020-11-04,0.06,0,1,2.2204460492503132e-17,1,1,True,False,False,True,True
593,2020-11-05,-0.06,1,0,-0.10000000000000006,1,1,True,False,False,True,True
594,2020-11-06,-0.01,1,0,0.1,0,1,False,True,False,True,False
595,2020-11-10,0.12,1,1,0.0,1,1,False,True,False,True,True
596,2020-11-11,-0.07,1,0,0.1999999999999999,0,1,True,False,False,False,True
597,2020-11-12,0.23,0,1,0.3,0,1,True,False,False,False,True
598,2020-11-16,0.04,1,1,0.0,1,1,True,True,False,True,True
599,2020-11-17,0.08,0,1,0.6000000000000001,0,1,False,True,False,False,True
600,2020-11-18,0.0,0,1,0.0,0,0,False,True,False,True,False
601,2020-11-19,0.03,1,1,0.08333333333333331,0,1,True,True,False,True,True
602,2020-11-20,0.09,0,1,0.33333333333333326,0,1,True,True,False,True,True
603,2020-11-23,0.05,1,1,0.14999999999999997,0,1,True,False,False,True,True
604,2020-11-24,-0.03,1,1,-0.04,1,1,True,True,False,True,True
605,2020-11-25,-0.09,1,0,-0.06666666666666668,1,1,True,True,False,True,False
606,2020-11-26,0.06,0,1,0.1999999999999999,0,1,True,False,False,False,True
607,2020-11-27,0.06,0,1,0.3,0,1,True,False,False,False,True
608,2020-11-30,0.15,1,1,0.08999999999999997,0,1,False,True,False,True,False
609,2020-12-01,0.1,0,1,0.24999999999999994,0,1,False,True,False,True,True
610,2020-12-02,0.08,1,1,0.09999999999999995,0,1,True,False,False,True,False
611,2020-12-03,0.02,0,1,0.1,0,1,False,True,False,True,False
612,2020-12-04,0.28,0,1,0.44999999999999996,0,1,False,True,False,True,True
613,2020-12-07,0.01,0,1,0.1,0,1,False,True,False,True,False
614,2020-12-08,0.11,1,1,0.26666666666666655,0,1,True,True,False,True,False
615,2020-12-09,0.1,0,1,0.3,0,1,False,True,False,True,False
616,2020-12-10,0.18,0,1,0.5,0,1,True,False,True,True,False
617,2020-12-11,0.03,1,1,0.24999999999999994,0,1,False,True,False,True,True
618,2020-12-14,0.23,0,1,0.44999999999999996,0,1,True,False,False,False,True
619,2020-12-15,0.16,0,1,0.15,0,1,True,True,False,True,True
620,2020-12-16,0.21,0,1,0.26666666666666666,0,1,True,True,False,True,True
621,2020-12-17,0.07,1,1,0.38,0,1,True,True,False,True,True
622,2020-12-18,0.02,1,1,0.2833333333333334,1,1,True,True,False,True,True
623,2020-12-22,0.0,1,1,-0.10000000000000006,1,1,False,True,False,True,False
624,2020-12-23,-0.0,1,0,0.3999999999999999,0,1,False,True,False,True,False
625,2020-12-29,-0.05,1,0,0.3,0,1,False,True,False,True,False
626,2021-01-05,-0.17,1,0,0.1,0,1,False,True,False,True,False
627,2021-01-06,0.06,0,1,0.1999999999999999,0,1,False,True,False,True,False
628,2021-01-07,-0.1,1,0,-0.6,1,0,False,True,False,True,False
629,2021-01-08,0.09,0,1,0.3999999999999999,0,1,True,True,False,True,True
630,2021-01-11,0.14,0,1,0.6000000000000001,0,1,False,True,False,True,False
631,2021-01-12,0.01,0,1,0.29999999999999993,0,1,False,True,False,True,True
632,2021-01-13,0.09,0,1,0.36666666666666664,0,1,True,True,False,True,True
633,2021-01-19,0.04,1,1,0.10000000000000003,1,1,True,True,False,True,False
634,2021-01-21,0.15,0,1,0.35,0,1,True,True,True,True,False
635,2021-01-22,-0.04,1,1,0.22499999999999992,0,1,True,True,False,True,False
636,2021-01-25,0.19,0,1,0.45,0,1,True,False,False,True,True
637,2021-01-28,0.12,0,1,0.3,0,1,True,False,False,False,True
638,2021-02-02,-0.03,1,0,0.1,0,1,False,True,False,True,False
639,2021-02-04,0.21,1,1,0.2666666666666666,0,1,True,True,False,True,False
640,2021-02-08,0.12,0,1,0.2749999999999999,0,1,True,True,False,True,True
641,2021-02-09,0.06,0,1,0.1999999999999999,0,1,False,True,False,True,False
642,2021-02-10,-0.01,1,1,0.2,0,1,True,True,False,False,True
643,2021-02-12,0.01,0,1,0.1,0,1,False,True,False,True,False
644,2021-02-16,0.22,0,1,0.3999999999999999,0,1,False,True,False,False,True
645,2021-02-17,0.01,1,1,0.14999999999999997,0,1,True,True,False,True,False
646,2021-02-18,0.07,1,1,0.1,0,1,True,True,False,True,True
647,2021-02-22,0.15,1,1,0.3333333333333333,0,1,True,True,False,True,True
648,2021-02-23,-0.01,1,0,0.1,0,1,False,True,False,True,False
649,2021-02-24,0.05,1,1,0.35,0,1,False,True,False,False,True
650,2021-02-25,0.17,1,1,0.02500000000000003,1,1,True,True,False,True,True
651,2021-02-26,-0.01,1,0,0.1999999999999999,0,1,True,False,False,False,True
652,2021-03-01,0.13,1,1,0.23333333333333325,0,1,True,True,False,True,True
653,2021-03-02,0.03,1,1,-5.551115123125783e-17,1,1,True,True,False,True,True
654,2021-03-03,0.19,0,1,0.24999999999999994,0,1,True,False,False,True,True
655,2021-03-04,-0.03,1,0,-0.1999999999999999,1,0,False,True,False,True,False
656,2021-03-05,0.2,0,1,0.3999999999999999,0,1,False,True,False,True,False
657,2021-03-08,0.27,0,1,0.6000000000000001,0,1,False,True,False,True,False
658,2021-03-09,0.29,0,1,0.3999999999999999,0,1,False,True,False,True,False
659,2021-03-11,0.09,1,1,0.20000000000000004,1,1,True,True,True,True,False
660,2021-03-18,0.15,1,1,0.18333333333333332,1,1,True,True,False,True,True
661,2021-03-19,0.07,0,1,0.1999999999999999,0,1,False,True,False,True,False
662,2021-03-22,-0.02,1,1,0.33333333333333326,0,1,False,True,False,True,True
663,2021-03-23,0.01,1,1,0.033333333333333305,1,1,False,True,False,True,True
664,2021-03-25,0.02,1,1,0.2,1,1,True,True,False,True,True
665,2021-03-27,0.06,0,1,0.3999999999999999,0,1,True,False,False,False,True
666,2021-03-29,0.04,0,1,0.4,0,1,False,True,False,True,True
667,2021-03-30,0.02,1,1,-0.20000000000000004,1,1,False,True,False,True,True
668,2021-03-31,0.07,0,1,0.3999999999999999,0,1,False,True,False,True,False
669,2021-04-07,0.15,0,1,0.0,0,0,False,True,False,True,False
670,2021-04-08,0.08,1,1,0.09999999999999994,1,1,True,True,False,True,True
671,2021-04-09,0.04,0,1,0.29999999999999993,0,1,False,True,False,True,False
672,2021-04-12,0.04,0,1,0.6000000000000001,0,1,False,True,False,True,False
673,2021-04-13,0.06,0,1,0.1999999999999999,0,1,False,True,False,True,False
674,2021-04-14,0.12,0,1,0.32857142857142857,0,1,True,True,False,True,True
675,2021-04-20,0.03,0,1,-0.04999999999999995,1,0,True,False,False,True,False
676,2021-04-22,0.09,1,1,0.0,1,1,True,True,True,True,False
677,2021-04-23,0.06,1,1,3.700743415417188e-17,1,1,True,False,False,True,False
678,2021-04-26,0.06,1,1,0.2,0,1,True,False,False,False,True
679,2021-04-29,0.13,1,1,0.07499999999999996,1,1,True,True,False,True,True
680,2021-04-30,0.07,0,1,0.6000000000000001,0,1,True,False,False,True,False
681,2021-05-03,0.1,0,1,0.1999999999999999,0,1,False,True,False,False,True
682,2021-05-05,0.15,0,1,0.23333333333333325,0,1,True,True,False,True,True
683,2021-05-06,0.28,0,1,0.6000000000000001,0,1,True,False,False,False,True
684,2021-05-07,-0.03,1,0,0.19999999999999996,0,1,True,True,False,True,False
685,2021-05-11,0.07,0,1,0.24999999999999994,0,1,True,True,False,True,True
686,2021-05-12,0.19,0,1,0.1,0,1,False,True,False,False,True
687,2021-05-13,-0.01,1,0,0.1999999999999999,0,1,False,True,False,False,True
688,2021-05-14,0.03,0,1,0.24999999999999994,0,1,False,True,False,True,False
689,2021-05-17,-0.04,1,1,0.16666666666666666,1,1,False,True,False,True,True
690,2021-05-19,0.09,1,1,0.025,1,1,True,True,False,True,True
691,2021-05-20,0.11,1,1,0.09999999999999995,0,1,False,True,False,True,False
692,2021-05-21,0.01,0,1,0.1,0,1,False,True,False,True,False
693,2021-05-24,0.11,0,1,0.2,0,1,False,True,False,True,True
694,2021-05-25,0.01,0,1,0.06666666666666667,0,1,True,True,False,True,True
695,2021-05-26,-0.15,1,1,0.07500000000000001,1,1,True,True,False,True,True
696,2021-05-27,0.04,0,1,0.24999999999999994,0,1,True,False,False,False,True
697,2021-05-28,0.14,0,1,0.1,0,1,False,True,False,True,False
698,2021-06-01,-0.01,1,1,0.15000000000000002,1,1,True,True,False,True,True
699,2021-06-02,0.13,1,1,0.32499999999999996,0,1,True,True,False,True,True
700,2021-06-03,0.09,1,1,0.13333333333333333,1,1,True,True,False,True,True
701,2021-06-04,0.06,0,1,0.0,0,0,False,True,False,True,False
702,2021-06-07,0.09,0,1,0.1999999999999999,0,1,False,True,False,True,False
703,2021-06-10,0.1,1,1,0.33333333333333326,0,1,True,True,True,True,False
704,2021-06-14,0.11,0,1,0.6000000000000001,0,1,True,False,False,False,True
705,2021-06-15,0.1,0,1,0.3,0,1,True,False,False,True,False
706,2021-06-16,0.25,0,1,0.15000000000000005,1,1,True,True,False,True,True
707,2021-06-17,-0.02,1,1,0.26666666666666655,0,1,False,True,False,True,False
708,2021-06-18,0.03,0,1,0.3,0,1,True,False,False,True,False
709,2021-06-20,0.19,0,1,0.3999999999999999,0,1,True,False,False,True,False
710,2021-06-21,0.33,0,1,0.5,0,1,True,False,False,False,True
711,2021-06-22,0.03,0,1,0.36666666666666664,0,1,True,True,False,True,True
712,2021-06-23,0.18,0,1,0.5,0,1,False,True,False,True,True
713,2021-06-24,-0.01,1,1,0.3666666666666667,0,1,True,True,False,True,True
714,2021-06-25,0.13,0,1,0.29999999999999993,0,1,False,True,False,True,False
715,2021-06-28,0.11,0,1,0.12499999999999997,1,1,True,True,False,True,True
716,2021-06-29,0.3,0,1,0.3999999999999999,0,1,True,False,False,False,True
717,2021-07-01,0.08,1,1,-0.20000000000000004,1,1,True,True,False,True,False
718,2021-07-03,0.08,0,1,0.1999999999999999,0,1,True,False,False,False,True
719,2021-07-07,0.11,0,1,0.1999999999999999,0,1,False,True,False,True,False
720,2021-07-08,0.28,0,1,0.4666666666666666,0,1,True,False,False,True,False
721,2021-07-11,0.28,0,1,0.5,0,1,True,True,False,False,True
722,2021-07-12,0.04,0,1,0.1999999999999999,0,1,False,True,False,True,False
723,2021-07-13,-0.02,1,1,-0.024999999999999946,1,1,True,True,False,True,False
724,2021-07-14,0.17,0,1,0.44999999999999996,0,1,True,False,False,True,True
725,2021-07-19,-0.0,1,0,0.1999999999999999,0,1,False,True,False,True,False
726,2021-07-20,0.35,0,1,0.39999999999999997,0,1,True,True,False,True,False
727,2021-07-22,0.12,1,1,0.050000000000000044,1,1,True,True,True,True,False
728,2021-07-23,0.01,1,1,0.175,0,1,True,False,False,True,False
729,2021-07-28,-0.04,1,0,-0.0999999999999999,1,0,True,False,False,True,False
730,2021-07-30,-0.03,1,1,0.29999999999999993,0,1,False,True,False,True,True
731,2021-08-03,-0.07,1,1,0.03333333333333329,1,1,False,True,False,True,True
732,2021-08-04,0.07,0,1,0.5,0,1,False,True,False,False,True
733,2021-08-05,0.03,1,1,0.22499999999999998,1,1,True,True,False,True,True
734,2021-08-12,-0.05,1,0,-0.4,1,0,False,True,False,True,False
735,2021-08-17,0.12,0,1,0.4,0,1,False,True,False,True,True
736,2021-08-18,0.05,0,1,0.0,0,0,False,True,False,True,False
737,2021-08-24,0.03,0,1,0.23333333333333328,0,1,True,True,False,True,True
738,2021-08-26,0.0,0,1,0.1,0,1,True,False,False,False,True
739,2021-08-27,0.09,1,1,0.2,0,1,False,True,False,True,True
740,2021-08-30,-0.01,1,0,0.3999999999999999,0,1,False,True,False,True,False
741,2021-08-31,-0.01,1,0,0.3999999999999999,0,1,False,True,False,True,False
742,2021-09-02,-0.13,1,0,0.1999999999999999,0,1,False,True,False,True,False
743,2021-09-07,0.1,0,1,0.1,0,1,False,True,False,True,False
744,2021-09-09,0.21,1,1,0.19999999999999996,1,1,True,True,True,True,True
745,2021-09-13,0.04,0,1,0.4,0,1,True,False,False,True,True
746,2021-09-15,0.08,0,1,0.09999999999999995,0,1,True,False,False,False,True
747,2021-09-20,0.15,0,1,0.3999999999999999,0,1,True,False,False,False,True
